INSERT INTO Club (numClub, nomClub, adresseClub, numTelephone, nombreAdherents, ville, departement, region)
VALUES
  (1, 'CreaCroquis Club', '12 Art Street', '0123456789', 14, 'Saumur', '49', 'Pays de la Loire'),
  (2, 'ArtEbauche Collective', '23 Paint Avenue', '0234567890', 19, 'Macon', '71', 'Bourgogne-Franche-Compte'),
  (3, 'Esquisse Express Club', '34 Clay Lane', '0345678901', 16, 'Chalon-sur-Saone ', '71', 'Bourgogne-Franche-Compte'),
  (4, 'Artisans du Pinceau', '45 Palette St', '0456789012', 12, 'Dijon', '21', 'Bourgogne-Franche-Compte'),
  (5, 'Palette Creative Club', '56 Marble Ave', '0567890123', 15, 'La Flèche', '72', 'Pays de la Loire'),
  (6, 'Dessinateurs Créatifs', '67 Sketch Rd', '0678901234', 18, 'Beaune', '21', 'Bourgogne-Franche-Compte'),
  (7, 'Fusion Créative', '78 Snapshot St', '0789012345', 17, 'Le Mans', '72', 'Pays de la Loire'),
  (8, 'ArtElites Dessin Club', '89 Canvas Ave', '0890123456', 11, 'Montceau-les-Mines', '71', 'Bourgogne-Franche-Compte'),
  (9, 'Couleurs Vibrantes', '90 Hue Rd', '0901234567', 15, 'Cholet', '49', 'Pays de la Loire'),
  (10, 'Studio Esquisse', '01 Imagination St', '0012345678', 13, 'Angers', '49', 'Pays de la Loire');

INSERT INTO Concours (numConcours, theme, dateDebut, dateFin, etat)
VALUES
  (1, 'Spring Art Showcase', '2022-03-01', '2022-03-07', 'Evalue'),
  (2, 'Summer Colors Exhibition', '2022-07-09', '2022-07-15', 'Evalue'),
  (3, 'Autumn Impressions Contest', '2022-09-28', '2022-10-04', 'Evalue'),
  (4, 'Winter Art Wonderland', '2022-12-01', '2022-12-07', 'En attente'),
  (5, 'Spring Blossoms Art Festival', '2023-04-12', '2023-04-19', 'En cours'),
  (6, 'Summer Harmony Exhibition', '2023-07-27', '2023-08-03', 'Non commence'),
  (7, 'Autumn Palette Contest', '2023-09-02', '2023-09-08', 'Non commence'),
  (8, 'Winter Elegance Showcase', '2023-12-05', '2023-12-11', 'Non commence');

INSERT INTO Utilisateur (numUtilisateur, nom, prenom, adresseUtilisateur, login, motDePasse, dateAdhesion, numClub, dateNaissance)
VALUES
  (1, 'Doe', 'John', '123 Main St', 'john_doe', 'motdepasse1', '2012-01-01', 7, '1990-01-01'),
  (2, 'Smith', 'Jane', '456 Oak St', 'jane_smith', 'motdepasse2', '2013-01-15', 8,  '1988-05-15'),
  (3, 'Johnson', 'Bob', '789 Pine St', 'bob_johnson', 'motdepasse3', '2013-02-01', 3,  '1992-07-20'),
  (4, 'Taylor', 'Alice', '101 Maple St', 'alice_taylor', 'motdepasse4', '2013-02-15',5,  '1991-11-30'),
  (5, 'Brown', 'Chris', '202 Elm St', 'chris_brown', 'motdepasse5', '2013-03-01', 2,  '1989-03-10'),
  (6, 'Miller', 'Emily', '303 Birch St', 'emily_miller', 'motdepasse6', '2013-03-15', 10,  '1993-09-05'),
  (7, 'Wilson', 'David', '404 Cedar St', 'david_wilson', 'motdepasse7', '2013-04-01', 9,  '1995-02-28'),
  (8, 'Anderson', 'Lisa', '505 Spruce St', 'lisa_anderson', 'motdepasse8', '2013-04-15', 1,  '1994-06-15'),
  (9, 'Martinez', 'Mark', '606 Fir St', 'mark_martinez', 'motdepasse9', '2013-05-01', 4,  '1996-10-25'),
  (10, 'Lee', 'Anna', '707 Redwood St', 'anna_lee', 'motdepasse10', '2013-05-15', 6,  '1997-12-10'),
  (11, 'Evans', 'Michael', '808 Pineapple St', 'michael_evans', 'motdepasse11', '2013-06-01', 5,  '1995-04-15'),
  (12, 'Cooper', 'Samantha', '909 Mango St', 'samantha_cooper', 'motdepasse12', '2013-06-15', 8,  '1993-08-20'),
  (13, 'Baker', 'Daniel', '1011 Banana St', 'daniel_baker', 'motdepasse13', '2013-07-01', 2,  '1990-02-10'),
  (14, 'Garcia', 'Catherine', '1212 Papaya St', 'catherine_garcia', 'motdepasse14', '2013-07-15', 9,  '1987-11-05'),
  (15, 'Fisher', 'Patrick', '1313 Kiwi St', 'patrick_fisher', 'motdepasse15', '2013-08-01', 1,  '1998-03-20'),
  (16, 'Hernandez', 'Julia', '1414 Grape St', 'julia_hernandez', 'motdepasse16', '2013-08-15', 4,  '1991-06-25'),
  (17, 'Gomez', 'Ryan', '1515 Lemon St', 'ryan_gomez', 'motdepasse17', '2013-09-01', 8,  '1994-09-15'),
  (18, 'Parker', 'Olivia', '1616 Raspberry St', 'olivia_parker', 'motdepasse18', '2013-09-15', 9,  '1992-12-30'),
  (19, 'Lopez', 'William', '1717 Blueberry St', 'william_lopez', 'motdepasse19', '2013-10-01', 2,  '1989-08-05'),
  (20, 'Young', 'Mark', '1818 Strawberry St', 'mark_young', 'motdepasse20', '2013-10-15', 5,  '1990-05-10'),
  (21, 'Thompson', 'Eric', '1919 Orange St', 'eric_thompson', 'motdepasse21', '2013-11-01', 6,  '1993-01-15'),
  (22, 'Ford', 'Jessica', '2020 Plum St', 'jessica_ford', 'motdepasse22', '2013-11-15', 1,  '1997-07-20'),
  (23, 'Hill', 'Kevin', '2121 Blackberry St', 'kevin_hill', 'motdepasse23', '2013-12-01', 3,  '1996-04-30'),
  (24, 'Stewart', 'Amanda', '2222 Cherry St', 'amanda_stewart', 'motdepasse24', '2013-12-15', 7,  '1995-09-10'),
  (25, 'Bell', 'Brian', '2323 Pomegranate St', 'brian_bell', 'motdepasse25', '2014-01-01', 10,  '1992-11-25'),
  (26, 'Ward', 'Megan', '2424 Watermelon St', 'megan_ward', 'motdepasse26', '2014-01-15', 4,  '1991-03-05'),
  (27, 'Cruz', 'Kyle', '2525 Lime St', 'kyle_cruz', 'motdepasse27', '2014-02-01', 6,  '1988-06-15'),
  (28, 'Reyes', 'Hannah', '2626 Cranberry St', 'hannah_reyes', 'motdepasse28', '2014-02-15', 2,  '1994-02-28'),
  (29, 'Fleming', 'Derek', '2727 Avocado St', 'derek_fleming', 'motdepasse29', '2014-03-01', 9,  '1993-05-20'),
  (30, 'Carter', 'Natalie', '2828 Guava St', 'natalie_carter', 'motdepasse30', '2014-03-15', 5,  '1990-10-15'),
  (31, 'Mitchell', 'Gregory', '2929 Apricot St', 'gregory_mitchell', 'motdepasse31', '2014-04-01', 1,  '1997-04-10'),
  (32, 'Bryant', 'Isabel', '3030 Fig St', 'isabel_bryant', 'motdepasse32', '2014-04-15', 9,  '1994-08-25'),
  (33, 'Dunn', 'Jeremy', '3131 Nectarine St', 'jeremy_dunn', 'motdepasse33', '2014-05-01', 6,  '1991-12-15'),
  (34, 'Wells', 'Eva', '3232 Tangerine St', 'eva_wells', 'motdepasse34', '2014-05-15', 8,  '1988-02-28'),
  (35, 'Banks', 'Nicholas', '3333 Olive St', 'nicholas_banks', 'motdepasse35', '2014-06-01', 3,  '1995-06-20'),
  (36, 'Russell', 'Grace', '3434 Date St', 'grace_russell', 'motdepasse36', '2014-06-15', 5,  '1992-09-05'),
  (37, 'Griffin', 'Peter', '3535 Lime St', 'peter_griffin', 'motdepasse37', '2014-07-01', 2,  '1990-11-30'),
  (38, 'Simmons', 'Lily', '3636 Mango St', 'lily_simmons', 'motdepasse38', '2014-07-15', 4,  '1989-07-15'),
  (39, 'Fisher', 'Jordan', '3737 Kiwi St', 'jordan_fisher', 'motdepasse39', '2014-08-01', 7,  '1993-03-10'),
  (40, 'Mendez', 'Sophie', '3838 Pineapple St', 'sophie_mendez', 'motdepasse40', '2014-08-15', 10,  '1996-01-25'),
  (41, 'Ford', 'Connor', '3939 Plum St', 'connor_ford', 'motdepasse41', '2014-09-01', 1,  '1998-05-15'),
  (42, 'Ferguson', 'Mia', '4040 Blackberry St', 'mia_ferguson', 'motdepasse42', '2014-09-15', 6,  '1991-09-30'),
  (43, 'Watson', 'Logan', '4141 Banana St', 'logan_watson', 'motdepasse43', '2014-10-01', 8,  '1987-10-05'),
  (44, 'Murray', 'Sophia', '4242 Raspberry St', 'sophia_murray', 'motdepasse44', '2014-10-15', 2,  '1990-03-20'),
  (45, 'Dean', 'Gabriel', '4343 Orange St', 'gabriel_dean', 'motdepasse45', '2014-11-01', 3,  '1997-07-10'),
  (46, 'Ford', 'Emily', '4444 Mango St', 'emily_ford', 'motdepasse46', '2014-11-15', 7,  '1994-11-25'),
  (47, 'Ramirez', 'Aiden', '4545 Kiwi St', 'aiden_ramirez', 'motdepasse47', '2014-12-01', 3,  '1992-12-10'),
  (48, 'Mills', 'Isabella', '4646 Grape St', 'isabella_mills', 'motdepasse48', '2014-12-15', 9,  '1995-08-20'),
  (49, 'Graham', 'Ella', '4747 Lemon St', 'ella_graham', 'motdepasse49', '2015-01-01', 3,  '1988-04-15'),
  (50, 'Hale', 'Mark', '4848 Pomegranate St', 'mark_hale', 'motdepasse50', '2015-01-15', 8,  '1991-02-28'),
  (51, 'Taylor', 'Emily', '123 Sky St', 'emily_taylor', 'motdepasse51', '2019-02-01', 1,  '1994-06-10'),
  (52, 'Brown', 'Michael', '456 Cloud Ave', 'michael_brown', 'motdepasse52', '2019-02-15', 6,  '1990-08-25'),
  (53, 'Anderson', 'Olivia', '789 Rainbow Rd', 'olivia_anderson', 'motdepasse53', '2019-03-01', 10,  '1987-12-15'),
  (54, 'Garcia', 'Liam', '101 Star St', 'liam_garcia', 'motdepasse54', '2019-03-15', 4,  '1992-02-28'),
  (55, 'Hernandez', 'Sophia', '202 Moon Ave', 'sophia_hernandez', 'motdepasse55', '2019-04-01', 5,  '1995-06-20'),
  (56, 'Perez', 'Noah', '303 Comet Rd', 'noah_perez', 'motdepasse56', '2019-04-15', 7,  '1992-09-05'),
  (57, 'Baker', 'Ava', '404 Galaxy St', 'ava_baker', 'motdepasse57', '2019-05-01', 9,  '1990-11-30'),
  (58, 'Wang', 'Emma', '606 Solar Rd', 'emma_wang', 'motdepasse58', '2019-06-01', 3,  '1989-07-15'),
  (59, 'Gomez', 'Daniel', '707 Planet St', 'daniel_gomez', 'motdepasse59', '2019-06-15', 2,  '1993-03-10'),
  (60, 'Johnson', 'Mia', '808 Starlight Ave', 'mia_johnson', 'motdepasse60', '2019-07-01', 8,  '1996-01-25'),
  (61, 'White', 'James', '909 Eclipse Rd', 'james_white', 'motdepasse61', '2019-07-15', 10,  '1998-05-15'),
  (62, 'Thomas', 'Aria', '101 Constellation St', 'aria_thomas', 'motdepasse62', '2019-08-01', 3,  '1987-10-05'),
  (63, 'Lee', 'William', '202 Meteor Ave', 'william_lee', 'motdepasse63', '2019-08-15', 1,  '1990-03-20'),
  (64, 'Davis', 'Lily', '303 Black Hole Rd', 'lily_davis', 'motdepasse64', '2019-09-01', 7,  '1997-07-10'),
  (65, 'Hall', 'Matthew', '404 Quasar St', 'matthew_hall', 'motdepasse65', '2019-09-15', 4,  '1994-11-25'),
  (66, 'Chen', 'Grace', '505 Starburst Ave', 'grace_chen', 'motdepasse66', '2019-10-01', 6,  '1992-12-10'),
  (67, 'Taylor', 'Logan', '606 Aurora Rd', 'logan_taylor', 'motdepasse67', '2019-10-15', 2,  '1995-08-20'),
  (68, 'Yang', 'Jackson', '707 Comet St', 'jackson_yang', 'motdepasse68', '2019-11-01', 8,  '1988-04-15'),
  (69, 'Evans', 'Sophie', '808 Galaxy Ave', 'sophie_evans', 'motdepasse69', '2019-11-15', 9,  '1991-02-28'),
  (70, 'Wu', 'Christopher', '909 Milky Way Rd', 'christopher_wu', 'motdepasse70', '2019-12-01', 5,  '1994-06-10'),
  (71, 'Allen', 'Zoe', '101 Star Cluster St', 'zoe_allen', 'motdepasse71', '2019-12-15', 10,  '1990-08-25'),
  (72, 'Cruz', 'Natalie', '202 Solar Flare Ave', 'natalie_cruz', 'motdepasse72', '2013-01-01', 3,  '1987-12-15'),
  (73, 'Gutierrez', 'Ethan', '303 Galaxy Rd', 'ethan_gutierrez', 'motdepasse73', '2013-01-15', 1,  '1992-02-28'),
  (74, 'Liu', 'Isabella', '404 Eclipse St', 'isabella_liu', 'motdepasse74', '2013-02-01', 7,  '1995-06-20'),
  (75, 'Adams', 'Lucy', '505 Nebula Ave', 'lucy_adams', 'motdepasse75', '2013-02-15', 4,  '1992-09-05'),
  (76, 'Collins', 'Gabriel', '606 Planet Rd', 'gabriel_collins', 'motdepasse76', '2013-03-01', 8,  '1990-11-30'),
  (77, 'Perry', 'Avery', '707 Starlight St', 'avery_perry', 'motdepasse77', '2013-03-15', 1,  '1989-07-15'),
  (78, 'Lopez', 'Ella', '808 Comet Ave', 'ella_lopez', 'motdepasse78', '2013-04-01', 4,  '1993-03-10'),
  (79, 'Morgan', 'Liam', '909 Meteor Rd', 'liam_morgan', 'motdepasse79', '2013-04-15', 9,  '1996-01-25'),
  (80, 'Diaz', 'Sofia', '101 Black Hole St', 'sofia_diaz', 'motdepasse80', '2013-05-01', 2,  '1998-05-15'),
  (81, 'Woods', 'Caleb', '81 Quasar Ave', 'caleb_woods', 'motdepasse81', '2013-05-15', 10,  '1991-09-30'),
  (82, 'Watson', 'Madison', '303 Starburst Rd', 'madison_watson', 'motdepasse82', '2013-06-01', 6,  '1987-10-05'),
  (83, 'Howard', 'Leo', '404 Aurora St', 'leo_howard', 'motdepasse83', '2013-06-15', 7,  '1990-03-20'),
  (84, 'Ramirez', 'Scarlett', '84 Comet Ave', 'scarlett_ramirez', 'motdepasse84', '2013-07-01', 5,  '1997-07-10'),
  (85, 'Butler', 'Mason', '606 Galaxy Rd', 'mason_butler', 'motdepasse85', '2013-07-15', 2,  '1994-11-25'),
  (86, 'Wang', 'Ava', '707 Solar Flare St', 'ava_wang', 'motdepasse86', '2013-08-01', 8,  '1992-12-10'),
  (87, 'Gomez', 'Landon', '808 Milky Way Ave', 'landon_gomez', 'motdepasse87', '2013-08-15', 1,  '1995-08-20'),
  (88, 'Perez', 'Hannah', '909 Star Cluster Rd', 'hannah_perez', 'motdepasse88', '2013-09-01', 4,  '1988-04-15'),
  (89, 'Barnes', 'Nicholas', '101 Galaxy St', 'nicholas_barnes', 'motdepasse89', '2013-09-15', 9,  '1991-02-28'),
  (90, 'Jenkins', 'Chloe', '90 Solar Flare Ave', 'chloe_jenkins', 'motdepasse90', '2013-10-01', 2,  '1994-06-10'),
  (91, 'Roberts', 'Carter', '91 Eclipse Rd', 'carter_roberts', 'motdepasse91', '2013-10-15', 5,  '1990-08-25'),
  (92, 'Wu', 'Zoey', '404 Starlight St', 'zoey_wu', 'motdepasse92', '2013-11-01', 3,  '1987-12-15'),
  (93, 'Dunn', 'Elijah', '505 Comet Ave', 'elijah_dunn', 'motdepasse93', '2013-11-15', 6,  '1992-02-28'),
  (94, 'Nguyen', 'Avery', '606 Nebula Rd', 'avery_nguyen', 'motdepasse94', '2013-12-01', 2,  '1995-06-20'),
  (95, 'Fisher', 'Scarlett', '95 Planet St', 'scarlett_fisher', 'motdepasse95', '2013-12-15', 8,  '1992-09-05'),
  (96, 'Bryant', 'Owen', '808 Star Cluster Ave', 'owen_bryant', 'motdepasse96', '2014-01-01', 1,  '1990-11-30'),
  (97, 'Bennett', 'David', '123 Nebula St', 'david_bennett', 'motdepasse97', '2014-02-01', 7,  '1989-07-15'),
  (98, 'Hudson', 'Hannah', '456 Galaxy Ave', 'hannah_hudson', 'motdepasse98', '2014-02-15', 10,  '1993-03-10'),
  (99, 'Parker', 'Oliver', '789 Solar Flare Rd', 'oliver_parker', 'motdepasse99', '2014-03-01', 4,  '1996-01-25'),
  (100, 'Jenkins', 'Layla', '100 Star Cluster St', 'layla_jenkins', 'motdepasse100', '2014-03-15', 9,  '1998-05-15'),
  (101, 'Ward', 'Daniel', '202 Quasar Ave', 'daniel_ward', 'motdepasse101', '2014-04-01', 5,  '1991-09-30'),
  (102, 'Stewart', 'Sophie', '303 Starlight Rd', 'sophie_stewart', 'motdepasse102', '2014-04-15', 3,  '1987-10-05'),
  (103, 'Hayes', 'Jackson', '404 Comet St', 'jackson_hayes', 'motdepasse103', '2014-05-01', 6,  '1990-03-20'),
  (104, 'Barnes', 'Zoe', '505 Solar Flare Ave', 'zoe_barnes', 'motdepasse104', '2014-05-15', 2,  '1997-07-10'),
  (105, 'Price', 'Eva', '105 Galaxy Rd', 'eva_price', 'motdepasse105', '2014-06-01', 5,  '1994-11-25'),
  (106, 'Watson', 'Gabriel', '707 Aurora St', 'gabriel_watson', 'motdepasse106', '2014-06-15', 1,  '1992-12-10'),
  (107, 'Perry', 'Aria', '808 Eclipse Ave', 'aria_perry', 'motdepasse107', '2014-07-01', 9,  '1995-08-20'),
  (108, 'Murray', 'Ethan', '108 Star Cluster Rd', 'ethan_murray', 'motdepasse108', '2014-07-15', 7,  '1988-04-15'),
  (109, 'Ping', 'Ava', '109 Galaxy St', 'ava_ping', 'motdepasse109', '2014-08-01', 5,  '1991-02-28'),
  (110, 'Fisher', 'Mason', '202 Nebula Rd', 'mason_fisher', 'motdepasse110', '2014-08-15', 4,  '2005-11-07'),
  (111, 'Lopez', 'Emma', '111 Starlight St', 'emma_lopez', 'motdepasse111', '2014-09-01', 2,  '2006-01-25'),
  (112, 'Gomez', 'Caleb', '404 Comet Ave', 'caleb_gomez', 'motdepasse112', '2014-09-15', 2,  '2005-09-15'),
  (113, 'Robinson', 'Chloe', '505 Solar Flare Rd', 'chloe_robinson', 'motdepasse113', '2014-10-01', 10,  '2004-12-29'),
  (114, 'Nguyen', 'Lucas', '114 Aurora St', 'lucas_nguyen', 'motdepasse114', '2014-10-15', 3,  '2004-10-10'),
  (115, 'Ferguson', 'Scarlett', '707 Galaxy Rd', 'scarlett_ferguson', 'motdepasse115', '2014-11-01', 6,  '2005-05-21'),
  (116, 'Wu', 'Henry', '116 Star Cluster Ave', 'henry_wu', 'motdepasse116', '2014-11-15', 1,  '2006-08-03'),
  (117, 'Thomas', 'Avery', '909 Solar Flare Rd', 'avery_thomas', 'motdepasse117', '2014-12-01', 9,  '2005-02-14'),
  (118, 'Hale', 'Zoey', '118 Nebula St', 'zoey_hale', 'motdepasse118', '2014-12-15', 7,  '2004-03-17'),
  (119, 'Liu', 'Jackson', '119 Starlight Ave', 'jackson_liu', 'motdepasse119', '2015-01-01', 5,  '2005-07-09'),
  (120, 'Collins', 'Lily', '120 Comet Rd', 'lily_collins', 'motdepasse120', '2015-01-15', 4,  '2005-04-30'),
  (121, 'Diaz', 'Elijah', '404 Solar Flare St', 'elijah_diaz', 'motdepasse121', '2015-02-01', 2,  '2004-11-12'),
  (122, 'Ramirez', 'Hazel', '505 Galaxy Ave', 'hazel_ramirez', 'motdepasse122', '2015-02-15', 7,  '2005-01-03'),
  (123, 'Morgan', 'Carter', '606 Star Cluster Rd', 'carter_morgan', 'motdepasse123', '2015-03-01', 6,  '2005-08-14'),
  (124, 'Tik', 'Madison', '707 Aurora St', 'madison_tik', 'motdepasse124', '2015-03-15', 9,  '2004-09-26'),
  (125, 'Bryant', 'Ella', '808 Comet Ave', 'ella_bryant', 'motdepasse125', '2015-04-01', 1,  '2005-06-07'),
  (126, 'Fisher', 'Owen', '126 Eclipse Rd', 'owen_fisher', 'motdepasse126', '2015-04-15', 2,  '2004-07-18'),
  (127, 'Wang', 'Avery', '101 Nebula St', 'avery_wang', 'motdepasse127', '2015-05-01', 3,  '2005-03-29'),
  (128, 'Gomez', 'Scarlett', '202 Starlight Ave', 'scarlett_gomez', 'motdepasse128', '2015-05-15', 6,  '2004-02-10'),
  (129, 'Howard', 'Lucas', '129 Comet Rd', 'lucas_howard', 'motdepasse129', '2015-06-01', 10,  '2005-10-22'),
  (130, 'Roberts', 'Zoey', '130 Solar Flare St', 'zoey_roberts', 'motdepasse130', '2015-06-15', 5,  '2006-07-04'),
  (131, 'Ward', 'Jackson', '131 Galaxy Ave', 'jackson_ward', 'motdepasse131', '2015-07-01', 2,  '2004-04-16'),
  (132, 'Hayes', 'Ava', '132 Aurora Rd', 'ava_hayes', 'motdepasse132', '2015-07-15', 7,  '2005-12-28'),
  (133, 'Lopez', 'Gabriel', '707 Eclipse St', 'gabriel_lopez', 'motdepasse133', '2015-08-01', 6,  '2004-10-09'),
  (134, 'Murray', 'Eva', '134 Comet Ave', 'eva_murray', 'motdepasse134', '2015-08-15', 9,  '2005-09-02'),
  (135, 'Ferguson', 'Aria', '135 Star Cluster Rd', 'aria_ferguson', 'motdepasse135', '2015-09-01', 3,  '2004-06-15'),
  (136, 'Chen', 'Caleb', '101 Nebula St', 'caleb_chen', 'motdepasse136', '2015-09-15', 5,  '2005-01-28'),
  (137, 'Hudson', 'Emma', '137 Starlight Ave', 'emma_hudson', 'motdepasse137', '2015-10-01', 3,  '2004-08-11'),
  (138, 'Barnes', 'Henry', '303 Solar Flare Rd', 'henry_barnes', 'motdepasse138', '2015-10-15', 7,  '2005-03-24'),
  (139, 'Wu', 'Scarlett', '139 Galaxy St', 'scarlett_wu', 'motdepasse139', '2015-11-01', 7,  '2004-12-06'),
  (140, 'Price', 'Liam', '505 Aurora Ave', 'liam_price', 'motdepasse140', '2015-11-15', 6,  '2005-11-19'),
  (141, 'Dunn', 'Avery', '606 Eclipse Rd', 'avery_dunn', 'motdepasse141', '2015-12-01', 10,  '2004-09-01'),
  (142, 'Fisher', 'Zoey', '142 Comet St', 'zoey_fisher', 'motdepasse142', '2015-12-15', 10,  '2006-04-14'),
  (143, 'Collins', 'Jackson', '808 Solar Flare Ave', 'jackson_collins', 'motdepasse143', '2017-01-01', 6,  '2005-02-27'),
  (144, 'Gomez', 'Lily', '144 Star Cluster Rd', 'lily_gomez', 'motdepasse144', '2017-01-15', 2,  '2004-01-10'),
  (145, 'Morgan', 'Grace', '145 Nebula St', 'grace_morgan', 'motdepasse145', '2017-02-01', 7,  '2005-06-23'),
  (146, 'Tak', 'Madison', '146 Starlight Ave', 'madison_tak', 'motdepasse146', '2017-02-15', 6,  '2004-07-17'),
  (147, 'Bryant', 'Samantha', '303 Eclipse Rd', 'samantha_bryant', 'motdepasse147', '2017-03-01', 3,  '2005-04-03'),
  (148, 'Barnes', 'Owen', '148 Solar Flare St', 'owen_barnes', 'motdepasse148', '2017-03-15', 10,  '2004-08-19'),
  (149, 'Pong', 'Avery', '149 Galaxy Ave', 'avery_pong', 'motdepasse149', '2017-04-01', 7,'2005-05-05'),
  (150, 'Hale', 'Scarlett', '150 Aurora Rd', 'scarlett_hale', 'motdepasse150', '2017-04-15', 6,  '2005-05-12');

INSERT INTO Directeur (dateDebut, numClub, numDirecteur)
VALUES
  ('2023-01-01', 1, 42),
  ('2023-02-01', 2, 87),
  ('2023-03-01', 3, 19),
  ('2023-01-01', 4, 105),
  ('2023-02-01', 5, 63),
  ('2023-03-01', 6, 128),
  ('2023-01-01', 7, 5),
  ('2023-02-01', 8, 76),
  ('2023-03-01', 9, 94),
  ('2023-03-01', 10, 114);

INSERT INTO Administrateur (numAdministrateur, dateDebut)
VALUES
  (1, '2012-01-01');

INSERT INTO Evaluateur (numEvaluateur, specialite)
VALUES
  (2, 'Gribouillage'),
  (4, 'Noir_et_blanc'),
  (8, 'Hyperrealisme'),
  (9, 'Architectural'),
  (10, 'Anamorphose'),
  (11, 'Gribouillage'),
  (12, 'Couleur'),
  (13, 'Noir_et_blanc'),
  (16, 'Nu'),
  (17, 'Hyperrealisme'),
  (19, 'Anamorphose'),
  (20, 'Gribouillage'),
  (21, 'Couleur'),
  (22, 'Noir_et_blanc'),
  (24, 'Pointillisme'),
  (26, 'Hyperrealisme'),
  (27, 'Architectural'),
  (28, 'Anamorphose'),
  (30, 'Couleur'),
  (31, 'Noir_et_blanc'),
  (33, 'Pointillisme'),
  (34, 'Nu'),
  (35, 'Hyperrealisme'),
  (36, 'Architectural'),
  (37, 'Anamorphose'),
  (38, 'Gribouillage'),
  (39, 'Couleur'),
  (40, 'Noir_et_blanc'),
  (41, 'Impressionnisme'),
  (43, 'Nu'),
  (44, 'Hyperrealisme'),
  (45, 'Architectural'),
  (46, 'Anamorphose'),
  (47, 'Gribouillage'),
  (49, 'Noir_et_blanc'),
  (50, 'Impressionnisme'),
  (51, 'Pointillisme'),
  (52, 'Nu'),
  (53, 'Hyperrealisme'),
  (54, 'Architectural'),
  (55, 'Anamorphose'),
  (56, 'Gribouillage'),
  (57, 'Couleur'),
  (58, 'Noir_et_blanc'),
  (59, 'Impressionnisme'),
  (60, 'Pointillisme'),
  (61, 'Nu'),
  (64, 'Anamorphose'),
  (66, 'Couleur'),
  (68, 'Impressionnisme'),
  (69, 'Pointillisme'),
  (70, 'Nu'),
  (71, 'Hyperrealisme'),
  (73, 'Anamorphose'),
  (74, 'Gribouillage'),
  (75, 'Couleur'),
  (77, 'Impressionnisme'),
  (79, 'Nu'),
  (80, 'Hyperrealisme'),
  (81, 'Architectural'),
  (82, 'Anamorphose'),
  (83, 'Gribouillage'),
  (84, 'Couleur'),
  (85, 'Noir_et_blanc'),
  (86, 'Impressionnisme'),
  (87, 'Pointillisme'),
  (88, 'Nu'),
  (90, 'Architectural'),
  (91, 'Anamorphose'),
  (93, 'Couleur'),
  (94, 'Noir_et_blanc'),
  (97, 'Nu'),
  (98, 'Hyperrealisme'),
  (99, 'Architectural'),
  (101, 'Gribouillage'),
  (103, 'Noir_et_blanc'),
  (104, 'Impressionnisme'),
  (108, 'Architectural'),
  (109, 'Anamorphose'),
  (110, 'Gribouillage'),
  (111, 'Couleur'),
  (113, 'Impressionnisme'),
  (116, 'Hyperrealisme'),
  (118, 'Anamorphose'),
  (119, 'Gribouillage'),
  (122, 'Impressionnisme'),
  (123, 'Pointillisme'),
  (125, 'Hyperrealisme'),
  (127, 'Anamorphose'),
  (128, 'Gribouillage'),
  (130, 'Noir_et_blanc'),
  (132, 'Pointillisme'),
  (133, 'Nu'),
  (135, 'Architectural'),
  (136, 'Anamorphose'),
  (137, 'Gribouillage'),
  (141, 'Pointillisme'),
  (142, 'Nu'),
  (146, 'Gribouillage'),
  (147, 'Couleur'),
  (148, 'Noir_et_blanc'),
  (150, 'Pointillisme');

INSERT INTO Competiteur (numCompetiteur, datePremiereParticipation)
VALUES
  (2, '2013-01-15'),
  (3, '2013-02-01'),
  (4, '2013-02-15'),
  (6, '2013-03-15'),
  (7, '2013-04-01'),
  (8, '2013-04-15'),
  (9, '2013-05-01'),
  (10, '2013-05-15'),
  (11, '2013-06-01'),
  (12, '2013-06-15'),
  (13, '2013-07-01'),
  (14, '2013-07-15'),
  (15, '2013-08-01'),
  (16, '2013-08-15'),
  (17, '2013-09-01'),
  (18, '2013-09-15'),
  (19, '2013-10-01'),
  (20, '2013-10-15'),
  (21, '2013-11-01'),
  (22, '2013-11-15'),
  (23, '2013-12-01'),
  (24, '2013-12-15'),
  (25, '2014-01-01'),
  (26, '2014-01-15'),
  (27, '2014-02-01'),
  (28, '2014-02-15'),
  (29, '2014-03-01'),
  (30, '2014-03-15'),
  (31, '2014-04-01'),
  (32, '2014-04-15'),
  (33, '2014-05-01'),
  (34, '2014-05-15'),
  (35, '2014-06-01'),
  (36, '2014-06-15'),
  (37, '2014-07-01'),
  (38, '2014-07-15'),
  (39, '2014-08-01'),
  (40, '2014-08-15'),
  (41, '2014-09-01'),
  (43, '2014-10-01'),
  (44, '2014-10-15'),
  (45, '2014-11-01'),
  (46, '2014-11-15'),
  (47, '2014-12-01'),
  (48, '2014-12-15'),
  (49, '2015-01-01'),
  (50, '2015-01-15'),
  (51, '2019-02-01'),
  (52, '2019-02-15'),
  (53, '2019-03-01'),
  (54, '2019-03-15'),
  (55, '2019-04-01'),
  (56, '2019-04-15'),
  (57, '2019-05-01'),
  (58, '2019-06-01'),
  (59, '2019-06-15'),
  (60, '2019-07-01'),
  (61, '2019-07-15'),
  (62, '2019-08-01'),
  (64, '2019-09-01'),
  (65, '2019-09-15'),
  (66, '2019-10-01'),
  (67, '2019-10-15'),
  (68, '2019-11-01'),
  (69, '2019-11-15'),
  (70, '2019-12-01'),
  (71, '2019-12-15'),
  (72, '2013-01-01'),
  (73, '2013-01-15'),
  (74, '2013-02-01'),
  (75, '2013-02-15'),
  (77, '2013-03-15'),
  (78, '2013-04-01'),
  (79, '2013-04-15'),
  (80, '2013-05-01'),
  (81, '2013-05-15'),
  (82, '2013-06-01'),
  (83, '2013-06-15'),
  (84, '2013-07-01'),
  (85, '2013-07-15'),
  (86, '2013-08-01'),
  (87, '2013-08-15'),
  (88, '2013-09-01'),
  (89, '2013-09-15'),
  (90, '2013-10-01'),
  (91, '2013-10-15'),
  (92, '2013-11-01'),
  (93, '2013-11-15'),
  (94, '2013-12-01'),
  (95, '2013-12-15'),
  (96, '2014-01-01'),
  (97, '2014-02-01'),
  (98, '2014-02-15'),
  (99, '2014-03-01'),
  (101, '2014-04-01'),
  (103, '2014-05-01'),
  (104, '2014-05-15'),
  (106, '2014-06-15'),
  (108, '2014-07-15'),
  (109, '2014-08-01'),
  (110, '2014-08-15'),
  (111, '2014-09-01'),
  (112, '2014-09-15'),
  (113, '2014-10-01'),
  (115, '2014-11-01'),
  (116, '2014-11-15'),
  (118, '2014-12-15'),
  (119, '2015-01-01'),
  (121, '2015-02-01'),
  (122, '2015-02-15'),
  (123, '2015-03-01'),
  (125, '2015-04-01'),
  (126, '2015-04-15'),
  (127, '2015-05-01'),
  (128, '2015-05-15'),
  (130, '2015-06-15'),
  (131, '2015-07-01'),
  (132, '2015-07-15'),
  (133, '2015-08-01'),
  (135, '2015-09-01'),
  (136, '2015-09-15'),
  (137, '2015-10-01'),
  (138, '2015-10-15'),
  (139, '2015-11-01'),
  (140, '2015-11-15'),
  (141, '2015-12-01'),
  (142, '2015-12-15'),
  (143, '2017-01-01'),
  (144, '2017-01-15'),
  (146, '2017-02-15'),
  (147, '2017-03-01'),
  (148, '2017-03-15'),
  (150, '2017-04-15');

INSERT INTO President (prime, numConcours, numPresident)
VALUES
  (1000, 1, 23),
  (800, 2, 107),
  (1200, 3, 46),
  (900, 4, 89),
  (700, 5, 72),
  (1100, 6, 13),
  (1300, 7, 135),
  (1400, 8, 56);

INSERT INTO Dessin (numDessin, numConcours, commentaire, classement, dateRemise, leDessin, numCompetiteur, numJury)
VALUES
  (1, 1, 'Oeuvre exceptionnelle', 1, '2023-01-01', 'Dessin_1',1),
  (2, 1, 'Très creatif', 2, '2023-02-01', 'Dessin_2',2),
  (3, 1, 'Belle composition', 3, '2023-03-01', 'Dessin_3',3),
  (4, 1, 'Originalité remarquable', 4, '2022-03-03', 'Dessin_4',5),
  (5, 1, 'Émotion captivante', 5, '2022-03-02', 'Dessin_5',6),
  (6, 1, 'Technique impressionnante', 6, '2022-03-06', 'Dessin_6',7),
  (7, 1, 'Harmonie des couleurs', 7, '2022-03-01', 'Dessin_7',8),
  (8, 1, 'Style unique', 8, '2022-03-07', 'Dessin_8',9),
  (9, 1, 'Expression artistique', 9, '2022-03-05', 'Dessin_9',10),
  (10, 1, 'Détails impressionnants', 10, '2022-03-04', 'Dessin_10',12),
  (11, 1, 'Vision artistique', 11, '2022-03-03', 'Dessin_11',13),
  (12, 1, 'Créativité inattendue', 12, '2022-03-02', 'Dessin_12',14),
  (13, 1, 'Composition équilibrée', 13, '2022-03-06', 'Dessin_13',15),
  (14, 1, 'Maîtrise des techniques', 14, '2022-03-01', 'Dessin_14',16),
  (15, 1, 'Sens de l esthétique', 15, '2022-03-07', 'Dessin_15',18),
  (16, 1, 'Inspiration captivante', 16, '2022-03-05', 'Dessin_16',19),
  (17, 1, 'Palette de couleurs riche', 17, '2022-03-04', 'Dessin_17',20),
  (18, 1, 'Réflexion profonde', 18, '2022-03-03', 'Dessin_18',21),
  (19, 1, 'Narration visuelle', 19, '2022-03-02', 'Dessin_19',22),
  (20, 1, 'Équilibre de formes', 20, '2022-03-06', 'Dessin_20',24),
  (21, 1, 'Innovation artistique', 21, '2022-03-01', 'Dessin_21',25),
  (22, 1, 'Expression émotionnelle', 22, '2022-03-07', 'Dessin_22',27),
  (23, 1, 'Jeu de couleurs vif', 23, '2022-03-04', 'Dessin_23',28),
  (24, 1, 'Détails minutieux', 24, '2022-03-03', 'Dessin_24',29),
  (25, 1, 'Harmonie visuelle', 25, '2022-03-02', 'Dessin_25',31),
  (26, 1, 'Conte visuel', 26, '2022-03-06', 'Dessin_26',32),
  (27, 1, 'Technique avancée', 27, '2022-03-01', 'Dessin_27',33),
  (28, 1, 'Inspiration abstraite', 28, '2022-03-07', 'Dessin_28',34),
  (29, 1, 'Composition harmonieuse', 29, '2022-03-04', 'Dessin_29',36),
  (30, 1, 'Vision contemporaine', 30, '2022-03-03', 'Dessin_30',37),
  (31, 1, 'Originalité visionnaire', 31, '2022-03-02', 'Dessin_31',39),
  (32, 1, 'Équilibre formel', 32, '2022-03-06', 'Dessin_32',40),
  (33, 1, 'Émotion abstraite', 33, '2022-03-01', 'Dessin_33',42),
  (34, 1, 'Créativité contemporaine', 34, '2022-03-07', 'Dessin_34',44),
  (35, 1, 'Rythme visuel', 35, '2022-03-04', 'Dessin_35',45),
  (36, 1, 'Technique expressive', 36, '2022-03-03', 'Dessin_36',46),
  (37, 1, 'Composition fluide', 37, '2022-03-02', 'Dessin_37',47),
  (38, 1, 'Innovation formelle', 38, '2022-03-06', 'Dessin_38',48),
  (39, 1, 'Énergie artistique', 39, '2022-03-01', 'Dessin_39',49),
  (40, 1, 'Réflexion contemporaine', 40, '2022-03-07', 'Dessin_40',51),
  (41, 1, 'Sensibilité artistique', 41, '2022-03-04', 'Dessin_41',52),
  (42, 1, 'Équilibre dynamique', 42, '2022-03-03', 'Dessin_42',55),
  (43, 1, 'Narration symbolique', 43, '2022-03-02', 'Dessin_43',60),
  (44, 1, 'Contraste saisissant', 44, '2022-03-06', 'Dessin_44',61),
  (45, 1, 'Palette éclatante', 45, '2022-03-01', 'Dessin_45',62),
  (46, 1, 'Exploration visuelle', 46, '2022-03-07', 'Dessin_46',70),
  (47, 1, 'Innovation narrative', 47, '2022-03-04', 'Dessin_47',78),
  (48, 1, 'Émotion visuelle', 48, '2022-03-03', 'Dessin_48',92),
  (49, 1, 'Composition narrative', 49, '2022-03-02', 'Dessin_49',1),
  (50, 1, 'Vision dynamique', 50, '2022-03-06', 'Dessin_50',2),
  (51, 1, 'Abstraction créative', 51, '2022-03-01', 'Dessin_51',3),
  (52, 1, 'Composition moderne', 52, '2022-03-07', 'Dessin_52',5),
  (53, 1, 'Palette expressive', 53, '2022-03-04', 'Dessin_53',6),
  (54, 1, 'Innovation technique', 54, '2022-03-03', 'Dessin_54',7),
  (55, 1, 'Équilibre abstrait', 55, '2022-03-02', 'Dessin_55',8),
  (56, 1, 'Narration non linéaire', 56, '2022-03-06', 'Dessin_56',9),
  (57, 1, 'Harmonie audacieuse', 57, '2022-03-01', 'Dessin_57',10),
  (58, 1, 'Expression libre', 58, '2022-03-07', 'Dessin_58',12),
  (59, 1, 'Détails abstraits', 59, '2022-03-04', 'Dessin_59',13),
  (60, 1, 'Vision contemporaine', 60, '2022-03-03', 'Dessin_60',14),
  (61, 1, 'Innovation visuelle', 61, '2022-03-02', 'Dessin_61',15),
  (62, 1, 'Équilibre formel', 62, '2022-03-06', 'Dessin_62',16),
  (63, 1, 'Émotion abstraite', 63, '2022-03-01', 'Dessin_63',18),
  (64, 1, 'Créativité contemporaine', 64, '2022-03-07', 'Dessin_64',19),
  (65, 1, 'Rythme visuel', 65, '2022-03-04', 'Dessin_65',20),
  (66, 1, 'Technique expressive', 66, '2022-03-03', 'Dessin_66',21),
  (67, 1, 'Composition fluide', 67, '2022-03-02', 'Dessin_67',22),
  (68, 1, 'Innovation formelle', 68, '2022-03-06', 'Dessin_68',24),
  (69, 1, 'Énergie artistique', 69, '2022-03-01', 'Dessin_69',25),
  (70, 1, 'Réflexion contemporaine', 70, '2022-03-07', 'Dessin_70',27),
  (71, 1, 'Sculpture visuelle', 71, '2022-03-04', 'Dessin_71',28),
  (72, 1, 'Composition géométrique', 72, '2022-03-03', 'Dessin_72',29),
  (73, 1, 'Abstract fusion', 73, '2022-03-02', 'Dessin_73',1),
  (74, 1, 'Visionary strokes', 74, '2022-03-06', 'Dessin_74',2),
  (75, 1, 'Dynamic forms', 75, '2022-03-01', 'Dessin_75',3),
  (76, 1, 'Innovative storytelling', 76, '2022-03-07', 'Dessin_76',5),
  (77, 1, 'Vibrant palette', 77, '2022-03-04', 'Dessin_77',6),
  (78, 1, 'Abstract expression', 78, '2022-03-03', 'Dessin_78',7),
  (79, 1, 'Fluid composition', 79, '2022-03-02', 'Dessin_79',8),
  (80, 1, 'Mind-bending abstraction', 80, '2022-03-06', 'Dessin_80',9),
  (81, 1, 'Cinematic vision', 81, '2022-03-01', 'Dessin_81',10),
  (82, 1, 'Abstract narrative', 82, '2022-03-07', 'Dessin_82',12),
  (83, 1, 'Visual poetry', 83, '2022-03-04', 'Dessin_83',13),
  (84, 1, 'Abstract exploration', 84, '2022-03-03', 'Dessin_84',14),
  (85, 2, 'Composition florale', 1, '2022-07-09', 'Dessin_85',2),
  (86, 2, 'Vision aquatique', 2, '2022-07-14', 'Dessin_86',4),
  (87, 2, 'Éclat de couleurs', 3, '2022-07-11', 'Dessin_87',5),
  (88, 2, 'Formes abstraites', 4, '2022-07-13', 'Dessin_88',8),
  (89, 2, 'Abstract symphony', 5, '2022-07-10', 'Dessin_89',11),
  (90, 2, 'Harmonie aquatique', 6, '2022-07-12', 'Dessin_90',12),
  (91, 2, 'Vague créative', 7, '2022-07-09', 'Dessin_91',16),
  (92, 2, 'Palette maritime', 8, '2022-07-15', 'Dessin_92',17),
  (93, 2, 'Composition ondulante', 9, '2022-07-11', 'Dessin_93',19),
  (94, 2, 'Reflets abstraits', 10, '2022-07-13', 'Dessin_94',21),
  (95, 2, 'Eau en mouvement', 11, '2022-07-10', 'Dessin_95',23),
  (96, 2, 'Douceur aquatique', 12, '2022-07-12', 'Dessin_96',26),
  (97, 2, 'Rythme marin', 13, '2022-07-09', 'Dessin_97',27),
  (98, 2, 'Évasion aquatique', 14, '2022-07-15', 'Dessin_98',30),
  (99, 2, 'Abstraction marine', 15, '2022-07-11', 'Dessin_99',35),
  (100, 2, 'Voyage abstrait', 16, '2022-07-13', 'Dessin_100',38),
  (101, 2, 'Symphonie aquatique', 17, '2022-07-10', 'Dessin_101',41),
  (102, 2, 'Vibration marine', 18, '2022-07-12', 'Dessin_102',43),
  (103, 2, 'Énergie aquatique', 19, '2022-07-09', 'Dessin_103',45),
  (104, 2, 'Ondulations créatives', 20, '2022-07-15', 'Dessin_104',50),
  (105, 2, 'Reflets imaginaires', 21, '2022-07-11', 'Dessin_105',53),
  (106, 2, 'Inspiration océanique', 22, '2022-07-13', 'Dessin_106',56),
  (107, 2, 'Lumière marine', 23, '2022-07-10', 'Dessin_107',58),
  (108, 2, 'Formes fluides', 24, '2022-07-12', 'Dessin_108',60),
  (109, 2, 'Rêverie aquatique', 25, '2022-07-09', 'Dessin_109',61),
  (110, 2, 'Éclats sous-marins', 26, '2022-07-15', 'Dessin_110',67),
  (111, 2, 'Abstraction liquide', 27, '2022-07-11', 'Dessin_111',70),
  (112, 2, 'Océan intérieur', 28, '2022-07-13', 'Dessin_112',71),
  (113, 2, 'Vagues éthérées', 29, '2022-07-10', 'Dessin_113',73),
  (114, 2, 'Exploration aquatique', 30, '2022-07-12', 'Dessin_114',77),
  (115, 2, 'Abstraction marine', 31, '2022-07-09', 'Dessin_115',78),
  (116, 2, 'Évasion aquatique', 32, '2022-07-15', 'Dessin_116',83),
  (117, 2, 'Reflets abstraits', 33, '2022-07-11', 'Dessin_117',86),
  (118, 2, 'Rythme marin', 34, '2022-07-13', 'Dessin_118',88),
  (119, 2, 'Eau en mouvement', 35, '2022-07-10', 'Dessin_119',92),
  (120, 2, 'Douceur aquatique', 36, '2022-07-12', 'Dessin_120',94),
  (121, 2, 'Rythme marin', 37, '2022-07-09', 'Dessin_121',95),
  (122, 2, 'Évasion aquatique', 38, '2022-07-15', 'Dessin_122',100),
  (123, 2, 'Abstraction marine', 39, '2022-07-11', 'Dessin_123',101),
  (124, 2, 'Voyage abstrait', 40, '2022-07-13', 'Dessin_124',108),
  (125, 2, 'Symphonie aquatique', 41, '2022-07-10', 'Dessin_125',114),
  (126, 2, 'Vibration marine', 42, '2022-07-12', 'Dessin_126',116),
  (127, 2, 'Énergie aquatique', 43, '2022-07-09', 'Dessin_127',119),
  (128, 2, 'Ondulations créatives', 44, '2022-07-15', 'Dessin_128',120),
  (129, 2, 'Reflets imaginaires', 45, '2022-07-11', 'Dessin_129',121),
  (130, 2, 'Inspiration océanique', 46, '2022-07-13', 'Dessin_130',122),
  (131, 2, 'Lumière marine', 47, '2022-07-10', 'Dessin_131',125),
  (132, 2, 'Formes fluides', 48, '2022-07-12', 'Dessin_132',131),
  (133, 3, 'Automne créatif', 1, '2022-09-28', 'Dessin_133',1),
  (134, 3, 'Feuilles vibrantes', 2, '2022-10-03', 'Dessin_134',4),
  (135, 3, 'Couleurs d automne', 3, '2022-09-30', 'Dessin_135',15),
  (136, 3, 'Abstraction automnale', 4, '2022-10-02', 'Dessin_136',23),
  (137, 3, 'Énergie automnale', 5, '2022-09-29', 'Dessin_137',24),
  (138, 3, 'Rythme d automne', 6, '2022-10-01', 'Dessin_138',25),
  (139, 3, 'Feuillage créatif', 7, '2022-09-28', 'Dessin_139',28),
  (140, 3, 'Palette automnale', 8, '2022-10-04', 'Dessin_140',31),
  (141, 3, 'Composition automnale', 9, '2022-09-30', 'Dessin_141',32),
  (142, 3, 'Reflets d automne', 10, '2022-10-02', 'Dessin_142',34),
  (143, 3, 'Vent d automne', 11, '2022-09-29', 'Dessin_143',36),
  (144, 3, 'Chaleur automnale', 12, '2022-10-01', 'Dessin_144',47),
  (145, 3, 'Rythme automnal', 13, '2022-09-28', 'Dessin_145',50),
  (146, 3, 'Évasion automnale', 14, '2022-10-04', 'Dessin_146',51),
  (147, 3, 'Abstraction automnale', 15, '2022-09-30', 'Dessin_147',52),
  (148, 3, 'Voyage d automne', 16, '2022-10-02', 'Dessin_148',53),
  (149, 3, 'Symphonie automnale', 17, '2022-09-29', 'Dessin_149',57),
  (150, 3, 'Vibration automnale', 18, '2022-10-01', 'Dessin_150',58),
  (151, 3, 'Énergie automnale', 19, '2022-09-28', 'Dessin_151',60),
  (152, 3, 'Ondulations créatives', 20, '2022-10-04', 'Dessin_152',61),
  (153, 3, 'Reflets imaginaires', 21, '2022-09-30', 'Dessin_153',63),
  (154, 3, 'Inspiration automnale', 22, '2022-10-02', 'Dessin_154',66),
  (155, 3, 'Lumière automnale', 23, '2022-09-29', 'Dessin_155',69),
  (156, 3, 'Formes fluides', 24, '2022-10-01', 'Dessin_156',70),
  (157, 3, 'Rêverie automnale', 25, '2022-09-28', 'Dessin_157',71),
  (158, 3, 'Éclats automnaux', 26, '2022-10-04', 'Dessin_158',72),
  (159, 3, 'Abstraction automnale', 27, '2022-09-30', 'Dessin_159',73),
  (160, 3, 'Voyage d automne', 28, '2022-10-02', 'Dessin_160',75),
  (161, 3, 'Symphonie automnale', 29, '2022-09-29', 'Dessin_161',76),
  (162, 3, 'Vibration automnale', 30, '2022-10-01', 'Dessin_162',78),
  (163, 3, 'Énergie automnale', 31, '2022-09-28', 'Dessin_163',79),
  (164, 3, 'Ondulations créatives', 32, '2022-10-04', 'Dessin_164',80),
  (165, 3, 'Reflets imaginaires', 33, '2022-09-30', 'Dessin_165',81),
  (166, 3, 'Inspiration automnale', 34, '2022-10-02', 'Dessin_166',82),
  (167, 3, 'Lumière automnale', 35, '2022-09-29', 'Dessin_167',85),
  (168, 3, 'Formes fluides', 36, '2022-10-01', 'Dessin_168',86),
  (169, 3, 'Rêverie automnale', 37, '2022-09-28', 'Dessin_169',89),
  (170, 3, 'Éclats automnaux', 38, '2022-10-04', 'Dessin_170',91),
  (171, 3, 'Abstraction automnale', 39, '2022-09-30', 'Dessin_171',92),
  (172, 3, 'Voyage d automne', 40, '2022-10-02', 'Dessin_172',93),
  (173, 3, 'Symphonie automnale', 41, '2022-09-29', 'Dessin_173',97),
  (174, 3, 'Vibration automnale', 42, '2022-10-01', 'Dessin_174',98),
  (175, 3, 'Énergie automnale', 43, '2022-09-28', 'Dessin_175',99),
  (176, 3, 'Ondulations créatives', 44, '2022-10-04', 'Dessin_176',106),
  (177, 3, 'Reflets imaginaires', 45, '2022-09-30', 'Dessin_177',115),
  (178, 3, 'Inspiration automnale', 46, '2022-10-02', 'Dessin_178',128),
  (179, 3, 'Lumière automnale', 47, '2022-09-29', 'Dessin_179',130),
  (180, 3, 'Formes fluides', 48, '2022-10-01', 'Dessin_180',133),
  (181, 3, 'Rêverie automnale', 49, '2022-09-28', 'Dessin_181',1),
  (182, 3, 'Éclats automnaux', 50, '2022-10-04', 'Dessin_182',4),
  (183, 3, 'Abstraction automnale', 51, '2022-09-30', 'Dessin_183',15),
  (184, 3, 'Voyage d automne', 52, '2022-10-02', 'Dessin_184',23),
  (185, 3, 'Symphonie automnale', 53, '2022-09-29', 'Dessin_185',24),
  (186, 3, 'Vibration automnale', 54, '2022-10-01', 'Dessin_186',25),
  (187, 3, 'Énergie automnale', 55, '2022-09-28', 'Dessin_187',28),
  (188, 3, 'Ondulations créatives', 56, '2022-10-04', 'Dessin_188',31),
  (189, 3, 'Reflets imaginaires', 57, '2022-09-30', 'Dessin_189',32),
  (190, 3, 'Inspiration automnale', 58, '2022-10-02', 'Dessin_190',34),
  (191, 3, 'Lumière automnale', 59, '2022-09-29', 'Dessin_191',36),
  (192, 3, 'Formes fluides', 60, '2022-10-01', 'Dessin_192',47),
  (193, 3, 'Rêverie automnale', 61, '2022-09-28', 'Dessin_193',50),
  (194, 3, 'Éclats automnaux', 62, '2022-10-04', 'Dessin_194',1),
  (195, 3, 'Abstraction automnale', 63, '2022-09-30', 'Dessin_195',4),
  (196, 3, 'Voyage d automne', 64, '2022-10-02', 'Dessin_196',15),
  (197, 3, 'Symphonie automnale', 65, '2022-09-29', 'Dessin_197',23),
  (198, 3, 'Vibration automnale', 66, '2022-10-01', 'Dessin_198',24),
  (199, 3, 'Énergie automnale', 67, '2022-09-28', 'Dessin_199',25),
  (200, 3, 'Ondulations créatives', 68, '2022-10-04', 'Dessin_200',28),
  (201, 4, 'Esprit hivernal',1, '2022-12-01', 'Dessin_201',1),
  (202, 4, 'Harmonie glaciale',2, '2022-12-06', 'Dessin_202',3),
  (203, 4, 'Éclats de glace',3, '2022-12-03', 'Dessin_203',5),
  (204, 4, 'Abstraction hivernale',4, '2022-12-05', 'Dessin_204',7),
  (205, 4, 'Énergie hivernale',5, '2022-12-02', 'Dessin_205',9),
  (206, 4, 'Rythme hivernal',6, '2022-12-04', 'Dessin_206',12),
  (207, 4, 'Neige créative',7, '2022-12-01', 'Dessin_207',13),
  (208, 4, 'Palette hivernale',8, '2022-12-07', 'Dessin_208',14),
  (209, 4, 'Composition hivernale',9, '2022-12-03', 'Dessin_209',15),
  (210, 4, 'Reflets hivernaux',10, '2022-12-05', 'Dessin_210',16),
  (211, 4, 'Vent d hiver',11, '2022-12-02', 'Dessin_211',20),
  (212, 4, 'Chaleur hivernale',12, '2022-12-04', 'Dessin_212',27),
  (213, 4, 'Rythme hivernal',13, '2022-12-01', 'Dessin_213',28),
  (214, 4, 'Évasion hivernale',14, '2022-12-07', 'Dessin_214',29),
  (215, 4, 'Abstraction hivernale',15, '2022-12-03', 'Dessin_215',30),
  (216, 4, 'Voyage d hiver',16, '2022-12-05', 'Dessin_216',34),
  (217, 4, 'Symphonie hivernale',17, '2022-12-02', 'Dessin_217',40),
  (218, 4, 'Vibration hivernale',18, '2022-12-04', 'Dessin_218',45),
  (219, 4, 'Énergie hivernale',19, '2022-12-01', 'Dessin_219',49),
  (220, 4, 'Ondulations créatives',20, '2022-12-07', 'Dessin_220',51),
  (221, 4, 'Reflets imaginaires',21, '2022-12-03', 'Dessin_221',52),
  (222, 4, 'Inspiration hivernale',22, '2022-12-05', 'Dessin_222',57),
  (223, 4, 'Lumière hivernale',23, '2022-12-02', 'Dessin_223',60),
  (224, 4, 'Formes fluides',24, '2022-12-04', 'Dessin_224',61),
  (225, 4, 'Rêverie hivernale',25, '2022-12-01', 'Dessin_225',62),
  (226, 4, 'Éclats hivernaux',26, '2022-12-07', 'Dessin_226',64),
  (227, 4, 'Abstraction hivernale',27, '2022-12-03', 'Dessin_227',70),
  (228, 4, 'Voyage d hiver',28, '2022-12-05', 'Dessin_228',72),
  (229, 4, 'Symphonie hivernale',29, '2022-12-02', 'Dessin_229',77),
  (230, 4, 'Vibration hivernale',30, '2022-12-04', 'Dessin_230',78),
  (231, 4, 'Énergie hivernale',31, '2022-12-01', 'Dessin_231',79),
  (232, 4, 'Ondulations créatives',32, '2022-12-07', 'Dessin_232',81),
  (233, 4, 'Reflets imaginaires',33, '2022-12-03', 'Dessin_233',82),
  (234, 4, 'Inspiration hivernale',34, '2022-12-05', 'Dessin_234',83),
  (235, 4, 'Lumière hivernale',35, '2022-12-02', 'Dessin_235',88),
  (236, 4, 'Formes fluides',36, '2022-12-04', 'Dessin_236',91),
  (237, 4, 'Rêverie hivernale',37, '2022-12-01', 'Dessin_237',92),
  (238, 4, 'Éclats hivernaux',38, '2022-12-07', 'Dessin_238',94),
  (239, 4, 'Abstraction hivernale',39, '2022-12-03', 'Dessin_239',96),
  (240, 4, 'Voyage d hiver',40, '2022-12-05', 'Dessin_240',99),
  (241, 4, 'Symphonie hivernale',41, '2022-12-02', 'Dessin_241',102),
  (242, 4, 'Vibration hivernale',42, '2022-12-04', 'Dessin_242',103),
  (243, 4, 'Énergie hivernale',43, '2022-12-01', 'Dessin_243',105),
  (244, 4, 'Ondulations créatives',44, '2022-12-07', 'Dessin_244',107),
  (245, 4, 'Reflets imaginaires',45, '2022-12-03', 'Dessin_245',109),
  (246, 4, 'Inspiration hivernale',46, '2022-12-05', 'Dessin_246',113),
  (247, 4, 'Lumière hivernale',47, '2022-12-02', 'Dessin_247',117),
  (248, 4, 'Formes fluides',48, '2022-12-04', 'Dessin_248',129),
  (249, 4, 'Rêverie hivernale',49, '2022-12-01', 'Dessin_249',1),
  (250, 4, 'Éclats hivernaux',50, '2022-12-07', 'Dessin_250',3),
  (251, 4, 'Sérénité hivernale',51, '2022-12-01', 'Dessin_251',5),
  (252, 4, 'Aurore boréale',52, '2022-12-06', 'Dessin_252',7),
  (253, 4, 'Givre mystique',53, '2022-12-03', 'Dessin_253',9),
  (254, 4, 'Abstraction hivernale',54, '2022-12-05', 'Dessin_254',12),
  (255, 4, 'Éclats de glace',55, '2022-12-02', 'Dessin_255',13),
  (256, 4, 'Harmonie glaciale',56, '2022-12-04', 'Dessin_256',14),
  (257, 4, 'Neige créative',57, '2022-12-01', 'Dessin_257',15),
  (258, 4, 'Palette hivernale',58, '2022-12-07', 'Dessin_258',16),
  (259, 4, 'Composition hivernale',59, '2022-12-03', 'Dessin_259',20),
  (260, 4, 'Reflets hivernaux',60, '2022-12-05', 'Dessin_260',27),
  (261, 4, 'Vent d hiver',61, '2022-12-02', 'Dessin_261',28),
  (262, 4, 'Chaleur hivernale',62, '2022-12-04', 'Dessin_262',29),
  (263, 4, 'Rythme hivernal',63, '2022-12-01', 'Dessin_263',30),
  (264, 4, 'Évasion hivernale',64, '2022-12-07', 'Dessin_264',34),
  (265, 4, 'Abstraction hivernale',65, '2022-12-03', 'Dessin_265',40),
  (266, 4, 'Voyage d hiver',66, '2022-12-05', 'Dessin_266',45),
  (267, 4, 'Symphonie hivernale',67, '2022-12-02', 'Dessin_267',49),
  (268, 4, 'Vibration hivernale',68, '2022-12-04', 'Dessin_268',51),
  (269, 4, 'Énergie hivernale',69, '2022-12-01', 'Dessin_269',52),
  (270, 4, 'Ondulations créatives',70, '2022-12-07', 'Dessin_270',57),
  (271, 4, 'Reflets imaginaires',71, '2022-12-03', 'Dessin_271',60),
  (272, 4, 'Inspiration hivernale',72, '2022-12-05', 'Dessin_272',61),
  (273, 4, 'Lumière hivernale',73, '2022-12-02', 'Dessin_273',62),
  (274, 4, 'Formes fluides',74, '2022-12-04', 'Dessin_274',64),
  (275, 4, 'Rêverie hivernale',75, '2022-12-01', 'Dessin_275',70),
  (276, 4, 'Éclats hivernaux',76, '2022-12-07', 'Dessin_276',72),
  (277, 4, 'Abstraction hivernale',77, '2022-12-03', 'Dessin_277',77),
  (278, 4, 'Voyage d hiver',78, '2022-12-05', 'Dessin_278',78),
  (279, 4, 'Symphonie hivernale',79, '2022-12-02', 'Dessin_279',79),
  (280, 4, 'Vibration hivernale',80, '2022-12-04', 'Dessin_280',81),
  (281, 4, 'Énergie hivernale',81, '2022-12-01', 'Dessin_281',82),
  (282, 4, 'Ondulations créatives',82, '2022-12-07', 'Dessin_282',83),
  (283, 4, 'Reflets imaginaires',83, '2022-12-03', 'Dessin_283',88),
  (284, 4, 'Inspiration hivernale',84, '2022-12-05', 'Dessin_284',91),
  (285, 4, 'Lumière hivernale',85, '2022-12-02', 'Dessin_285',92),
  (286, 4, 'Formes fluides',86, '2022-12-04', 'Dessin_286',94),
  (287, 4, 'Rêverie hivernale',87, '2022-12-01', 'Dessin_287',96),
  (288, 4, 'Éclats hivernaux',88, '2022-12-07', 'Dessin_288',99),
  (289, 4, 'Abstraction hivernale',89, '2022-12-03', 'Dessin_289',102),
  (290, 4, 'Voyage d hiver',90, '2022-12-05', 'Dessin_290',103),
  (291, 4, 'Symphonie hivernale',91, '2022-12-02', 'Dessin_291',105),
  (292, 4, 'Vibration hivernale',92, '2022-12-04', 'Dessin_292',107),
  (293, 4, 'Énergie hivernale',93, '2022-12-01', 'Dessin_293',109),
  (294, 4, 'Ondulations créatives',94, '2022-12-07', 'Dessin_294',113),
  (295, 4, 'Reflets imaginaires',95, '2022-12-03', 'Dessin_295',117),
  (296, 4, 'Inspiration hivernale',96, '2022-12-05', 'Dessin_296',129),
  (297, 4, 'Lumière hivernale',97, '2022-12-02', 'Dessin_297',1),
  (298, 4, 'Formes fluides',98, '2022-12-04', 'Dessin_298',3),
  (299, 4, 'Rêverie hivernale',99, '2022-12-01', 'Dessin_299',5),
  (300, 4, 'Éclats hivernaux',100, '2022-12-07', 'Dessin_300',7),
  (301, 5, 'Printemps vibrant', 1, '2023-04-12', 'Dessin_301',9),
  (302, 5, 'Fleurs éclatantes', 2, '2023-04-17', 'Dessin_302',14),
  (303, 5, 'Nature en éveil', 3, '2023-04-14', 'Dessin_303',18),
  (304, 5, 'Abstraction printanière', 4, '2023-04-16', 'Dessin_304',24),
  (305, 5, 'Énergie printanière', 5, '2023-04-13', 'Dessin_305',26),
  (306, 5, 'Rythme printanier', 6, '2023-04-15', 'Dessin_306',35),
  (307, 5, 'Flore créative', 7, '2023-04-12', 'Dessin_307',40),
  (308, 5, 'Palette printanière', 8, '2023-04-19', 'Dessin_308',41),
  (309, 5, 'Composition printanière', 9, '2023-04-14', 'Dessin_309',47),
  (310, 5, 'Reflets printaniers', 10, '2023-04-16', 'Dessin_310',56),
  (311, 5, 'Vent printanier', 11, '2023-04-13', 'Dessin_311',57),
  (312, 5, 'Chaleur printanière', 12, '2023-04-15', 'Dessin_312',59),
  (313, 5, 'Rythme printanier', 13, '2023-04-12', 'Dessin_313',61),
  (314, 5, 'Évasion printanière', 14, '2023-04-19', 'Dessin_314',63),
  (315, 5, 'Abstraction printanière', 15, '2023-04-14', 'Dessin_315',64),
  (316, 5, 'Voyage printanier', 16, '2023-04-16', 'Dessin_316',66),
  (317, 5, 'Symphonie printanière', 17, '2023-04-13', 'Dessin_317',70),
  (318, 5, 'Vibration printanière', 18, '2023-04-15', 'Dessin_318',71),
  (319, 5, 'Énergie printanière', 19, '2023-04-12', 'Dessin_319',73),
  (320, 5, 'Ondulations créatives', 20, '2023-04-19', 'Dessin_320',75),
  (321, 5, 'Reflets imaginaires', 21, '2023-04-14', 'Dessin_321',76),
  (322, 5, 'Inspiration printanière', 22, '2023-04-16', 'Dessin_322',78),
  (323, 5, 'Lumière printanière', 23, '2023-04-13', 'Dessin_323',79),
  (324, 5, 'Formes fluides', 24, '2023-04-15', 'Dessin_324',81),
  (325, 5, 'Rêverie printanière', 25, '2023-04-12', 'Dessin_325',87),
  (326, 5, 'Éclats printaniers', 26, '2023-04-19', 'Dessin_326',90),
  (327, 5, 'Abstraction printanière', 27, '2023-04-14', 'Dessin_327',92),
  (328, 5, 'Voyage printanier', 28, '2023-04-16', 'Dessin_328',93),
  (329, 5, 'Symphonie printanière', 29, '2023-04-13', 'Dessin_329',99),
  (330, 5, 'Vibration printanière', 30, '2023-04-15', 'Dessin_330',100);


INSERT INTO Jury (numConcours, numEvaluateur1, numEvaluateur2)
VALUES
    (1,57),
    (1,60),
    (1,68),
    (1,69),
    (1,73),
    (1,75),
    (1,77),
    (1,79),
    (1,82),
    (1,86),
    (1,87),
    (1,88),
    (1,93),
    (1,103),
    (1,108),
    (1,110),
    (1,118),
    (1,119),
    (1,122),
    (1,127),
    (1,130),
    (1,135),
    (1,136),
    (1,137),
    (2,9),
    (2,26),
    (2,27),
    (2,33),
    (2,35),
    (2,45),
    (2,47),
    (2,52),
    (2,54),
    (2,55),
    (2,57),
    (2,69),
    (2,70),
    (2,79),
    (2,81),
    (2,84),
    (2,85),
    (2,90),
    (2,94),
    (2,98),
    (2,108),
    (2,113),
    (2,118),
    (2,122),
    (3,12),
    (3,19),
    (3,22),
    (3,31),
    (3,37),
    (3,40),
    (3,41),
    (3,43),
    (3,59),
    (3,66),
    (3,68),
    (3,71),
    (3,82),
    (3,88),
    (3,93),
    (3,99),
    (3,109),
    (3,110),
    (3,113),
    (3,118),
    (3,119),
    (3,122),
    (3,130),
    (3,132),
    (4,8),
    (4,12),
    (4,13),
    (4,24),
    (4,26),
    (4,28),
    (4,34),
    (4,38),
    (4,39),
    (4,41),
    (4,44),
    (4,46),
    (4,50),
    (4,51),
    (4,57),
    (4,69),
    (4,70),
    (4,75),
    (4,79),
    (4,91),
    (4,101),
    (4,123),
    (4,128),
    (4,133),
    (5,4),
    (5,10),
    (5,12),
    (5,17),
    (5,21),
    (5,27),
    (5,30),
    (5,34),
    (5,36),
    (5,38),
    (5,46),
    (5,47),
    (5,49),
    (5,53),
    (5,54),
    (5,56),
    (5,58),
    (5,61),
    (5,64),
    (5,71),
    (5,85),
    (5,88),
    (5,90),
    (5,94),
    (6,4),
    (6,9),
    (6,10),
    (6,11),
    (6,16),
    (6,27),
    (6,39),
    (6,41),
    (6,46),
    (6,51),
    (6,55),
    (6,56),
    (6,57),
    (6,66),
    (6,69),
    (6,73),
    (6,75),
    (6,79),
    (6,94),
    (6,104),
    (6,111),
    (6,141),
    (6,142),
    (6,148),
    (7,4),
    (7,11),
    (7,17),
    (7,20),
    (7,26),
    (7,34),
    (7,35),
    (7,38),
    (7,45),
    (7,47),
    (7,54),
    (7,60),
    (7,61),
    (7,64),
    (7,71),
    (7,74),
    (7,77),
    (7,83),
    (7,103),
    (7,113),
    (7,116),
    (7,123),
    (7,125),
    (7,133),
    (8,2),
    (8,20),
    (8,30),
    (8,36),
    (8,43),
    (8,57),
    (8,69),
    (8,74),
    (8,75),
    (8,79),
    (8,80),
    (8,83),
    (8,85),
    (8,86),
    (8,88),
    (8,90),
    (8,97),
    (8,110),
    (8,128),
    (8,135),
    (8,137),
    (8,146),
    (8,147),
    (8,150);

INSERT INTO ParticipationCompetiteur (numConcours, numCompetiteur)
VALUES
  (1,1),
  (1,2),
  (1,3),
  (1,5),
  (1,6),
  (1,7),
  (1,8),
  (1,9),
  (1,10),
  (1,12),
  (1,13),
  (1,14),
  (1,15),
  (1,16),
  (1,18),
  (1,19),
  (1,20),
  (1,21),
  (1,22),
  (1,24),
  (1,25),
  (1,27),
  (1,28),
  (1,29),
  (1,31),
  (1,32),
  (1,33),
  (1,34),
  (1,36),
  (1,37),
  (1,39),
  (1,40),
  (1,42),
  (1,44),
  (1,45),
  (1,46),
  (1,47),
  (1,48),
  (1,49),
  (1,51),
  (1,52),
  (1,55),
  (1,60),
  (1,61),
  (1,62),
  (1,70),
  (1,78),
  (1,92),
  (2,2),
  (2,4),
  (2,5),
  (2,8),
  (2,11),
  (2,12),
  (2,16),
  (2,17),
  (2,19),
  (2,21),
  (2,23),
  (2,26),
  (2,27),
  (2,30),
  (2,35),
  (2,38),
  (2,41),
  (2,43),
  (2,45),
  (2,50),
  (2,53),
  (2,56),
  (2,58),
  (2,60),
  (2,61),
  (2,67),
  (2,70),
  (2,71),
  (2,73),
  (2,77),
  (2,78),
  (2,83),
  (2,86),
  (2,88),
  (2,92),
  (2,94),
  (2,95),
  (2,100),
  (2,101),
  (2,108),
  (2,114),
  (2,116),
  (2,119),
  (2,120),
  (2,121),
  (2,122),
  (2,125),
  (2,131),
  (3,1),
  (3,4),
  (3,15),
  (3,23),
  (3,24),
  (3,25),
  (3,28),
  (3,31),
  (3,32),
  (3,34),
  (3,36),
  (3,47),
  (3,50),
  (3,51),
  (3,52),
  (3,53),
  (3,57),
  (3,58),
  (3,60),
  (3,61),
  (3,63),
  (3,66),
  (3,69),
  (3,70),
  (3,71),
  (3,72),
  (3,73),
  (3,75),
  (3,76),
  (3,78),
  (3,79),
  (3,80),
  (3,81),
  (3,82),
  (3,85),
  (3,86),
  (3,89),
  (3,91),
  (3,92),
  (3,93),
  (3,97),
  (3,98),
  (3,99),
  (3,106),
  (3,115),
  (3,128),
  (3,130),
  (3,133),
  (4,1),
  (4,3),
  (4,5),
  (4,7),
  (4,9),
  (4,12),
  (4,13),
  (4,14),
  (4,15),
  (4,16),
  (4,20),
  (4,27),
  (4,28),
  (4,29),
  (4,30),
  (4,34),
  (4,40),
  (4,45),
  (4,49),
  (4,51),
  (4,52),
  (4,57),
  (4,60),
  (4,61),
  (4,62),
  (4,64),
  (4,70),
  (4,72),
  (4,77),
  (4,78),
  (4,79),
  (4,81),
  (4,82),
  (4,83),
  (4,88),
  (4,91),
  (4,92),
  (4,94),
  (4,96),
  (4,99),
  (4,102),
  (4,103),
  (4,105),
  (4,107),
  (4,109),
  (4,113),
  (4,117),
  (4,129),
  (5,9),
  (5,14),
  (5,18),
  (5,24),
  (5,26),
  (5,35),
  (5,40),
  (5,41),
  (5,47),
  (5,56),
  (5,57),
  (5,59),
  (5,61),
  (5,63),
  (5,64),
  (5,66),
  (5,70),
  (5,71),
  (5,73),
  (5,75),
  (5,76),
  (5,78),
  (5,79),
  (5,81),
  (5,87),
  (5,90),
  (5,92),
  (5,93),
  (5,99),
  (5,100),
  (5,101),
  (5,104),
  (5,107),
  (5,110),
  (5,111),
  (5,114),
  (5,115),
  (5,116),
  (5,119),
  (5,120),
  (5,122),
  (5,125),
  (5,126),
  (5,127),
  (5,128),
  (5,130),
  (5,131),
  (5,132),
  (6,5),
  (6,6),
  (6,12),
  (6,13),
  (6,16),
  (6,18),
  (6,19),
  (6,20),
  (6,24),
  (6,27),
  (6,28),
  (6,29),
  (6,30),
  (6,31),
  (6,34),
  (6,36),
  (6,41),
  (6,45),
  (6,49),
  (6,50),
  (6,51),
  (6,56),
  (6,58),
  (6,61),
  (6,63),
  (6,67),
  (6,73),
  (6,75),
  (6,76),
  (6,77),
  (6,78),
  (6,80),
  (6,83),
  (6,85),
  (6,92),
  (6,93),
  (6,96),
  (6,98),
  (6,99),
  (6,104),
  (6,106),
  (6,107),
  (6,108),
  (6,110),
  (6,111),
  (6,116),
  (6,118),
  (6,121),
  (7,1),
  (7,7),
  (7,10),
  (7,13),
  (7,14),
  (7,25),
  (7,34),
  (7,38),
  (7,39),
  (7,40),
  (7,46),
  (7,47),
  (7,50),
  (7,52),
  (7,55),
  (7,59),
  (7,61),
  (7,62),
  (7,66),
  (7,69),
  (7,71),
  (7,76),
  (7,81),
  (7,82),
  (7,86),
  (7,88),
  (7,90),
  (7,91),
  (7,92),
  (7,93),
  (7,94),
  (7,98),
  (7,99),
  (7,101),
  (7,105),
  (7,107),
  (7,108),
  (7,110),
  (7,114),
  (7,115),
  (7,116),
  (7,118),
  (7,122),
  (7,123),
  (7,125),
  (7,127),
  (7,131),
  (7,132),
  (8,3),
  (8,5),
  (8,7),
  (8,9),
  (8,10),
  (8,12),
  (8,15),
  (8,16),
  (8,21),
  (8,24),
  (8,27),
  (8,30),
  (8,32),
  (8,33),
  (8,42),
  (8,44),
  (8,45),
  (8,46),
  (8,51),
  (8,52),
  (8,56),
  (8,57),
  (8,61),
  (8,63),
  (8,64),
  (8,66),
  (8,73),
  (8,49),
  (8,90),
  (8,94),
  (8,96),
  (8,97),
  (8,99),
  (8,100),
  (8,102),
  (8,103),
  (8,105),
  (8,107),
  (8,109),
  (8,110),
  (8,111),
  (8,114),
  (8,118),
  (8,119),
  (8,123),
  (8,124),
  (8,125),
  (8,128);

INSERT INTO ParticipationClub (numConcours, numClub)
VALUES
  (1, 1),
  (1, 3),
  (1, 4),
  (1, 5),
  (1, 6),
  (1, 7),
  (1, 8),
  (1, 9),
  (2, 2),
  (2, 3),
  (2, 4),
  (2, 5),
  (2, 6),
  (2, 7),
  (2, 9),
  (2, 10),
  (3, 1),
  (3, 2),
  (3, 4),
  (3, 5),
  (3, 6),
  (3, 7),
  (3, 8),
  (3, 10),
  (4, 1),
  (4, 2),
  (4, 4),
  (4, 5),
  (4, 6),
  (4, 7),
  (4, 8),
  (4, 9),
  (5, 2),
  (5, 3),
  (5, 4),
  (5, 5),
  (5, 6),
  (5, 7),
  (5, 8),
  (5, 10),
  (6, 1),
  (6, 2),
  (6, 4),
  (6, 5),
  (6, 6),
  (6, 7),
  (6, 9),
  (6, 10),
  (7, 1),
  (7, 3),
  (7, 4),
  (7, 5),
  (7, 6),
  (7, 7),
  (7, 8),
  (7, 10),
  (8, 2),
  (8, 3),
  (8, 4),
  (8, 5),
  (8, 6),
  (8, 7),
  (8, 8),
  (8, 9);

INSERT INTO Evaluation (dateEvaluation, note, commentaire, numEvaluateur, numDessin)
VALUES
  ('2023-01-05', 90, 'Excellent travail!', 1, 1),
  ('2023-02-10', 85, 'Belle utilisation des couleurs', 2, 2),
  ('2023-03-15', 92, 'Technique impressionnante', 3, 3);